<monitor>
    <name>riak-monitor</name>
    <type>managed</type>
    <description>Riak Monitoring Extension</description>
    <monitor-configuration></monitor-configuration>
    <monitor-run-task>
        <execution-style>periodic</execution-style>
        <execution-frequency-in-seconds>60</execution-frequency-in-seconds>
        <name>Riak Monitor Run task</name>
        <display-name>Riak Monitor Run task</display-name>
        <description>This extension monitors the configured Riak nodes.</description>
        <type>java</type>
        <execution-timeout-in-secs>60</execution-timeout-in-secs>
        <task-arguments>
            <!-- config file-->
            <argument name="config-file" is-required="true" default-value="monitors/RiakMonitor/config.yml" />
            <argument name="log-prefix" is-required="false" default-value="[RiakAppDExt] " />
        </task-arguments>
        <java-task>
            <classpath>riak-monitoring-extension.jar</classpath>
            <impl-class>com.appdynamics.extensions.riak.RiakMonitor</impl-class>
        </java-task>
    </monitor-run-task>
</monitor>